{
  "ece": 0.23199999999999998,
  "bins": 4,
  "per_bin": [
    {
      "bin": [
        0.0,
        0.25
      ],
      "n": 3,
      "conf": 0.17,
      "acc": 0.0
    },
    {
      "bin": [
        0.25,
        0.5
      ],
      "n": 2,
      "conf": 0.385,
      "acc": 0.0
    },
    {
      "bin": [
        0.5,
        0.75
      ],
      "n": 2,
      "conf": 0.7,
      "acc": 1.0
    },
    {
      "bin": [
        0.75,
        1.0
      ],
      "n": 3,
      "conf": 0.8533333333333334,
      "acc": 1.0
    }
  ]
}