{
  "ece": 0.031248666072240805,
  "bins": 4,
  "per_bin": [
    {
      "bin": [
        0.0,
        0.25
      ],
      "n": 500,
      "conf": 0.14813295212686978,
      "acc": 0.124
    },
    {
      "bin": [
        0.25,
        0.5
      ],
      "n": 500,
      "conf": 0.4439136587774058,
      "acc": 0.39
    },
    {
      "bin": [
        0.5,
        0.75
      ],
      "n": 500,
      "conf": 0.6928442355383866,
      "acc": 0.664
    },
    {
      "bin": [
        0.75,
        1.0
      ],
      "n": 500,
      "conf": 0.9001038178463011,
      "acc": 0.882
    }
  ]
}